estimator,statistic,case,term,estimate,std_error
aipw,ate,default,control_pom,3403.355,9.568472
aipw,ate,default,effect,-230.9892,26.21056
aipw,att,default,control_pom,3365.686,13.4482
aipw,att,default,effect,-228.0266,23.18451
aipw,pomeans,default,control_pom,3403.355,9.568472
aipw,pomeans,default,treated_pom,3172.366,24.42456
ipw,ate,default,control_pom,3403.463,9.571369
ipw,ate,default,effect,-230.6886,25.81524
ipw,att,default,control_pom,3362.837,14.20149
ipw,att,default,effect,-225.1773,23.66458
ipwra,ate,default,control_pom,3403.336,9.57126
ipwra,ate,default,effect,-229.9671,26.62668
ipwra,pomeans,default,control_pom,3403.336,9.57126
ipwra,pomeans,default,treated_pom,3173.369,24.86997
ra,ate,default,control_pom,3403.242,9.525207
ra,ate,default,effect,-239.6392,23.82402
ra,att,default,control_pom,3360.961,12.75749
ra,att,default,effect,-223.3017,22.7422
ra,pomeans,default,control_pom,3403.242,9.525207
ra,pomeans,default,treated_pom,3163.603,21.86351
aipw,pomeans,manual_aipw_2,control_pom,3403.355,9.568472
aipw,pomeans,manual_aipw_2,treated_pom,3172.366,24.42456
aipw,pomeans,manual_aipw_2,OME0:prenatal1,64.40859,27.52699
aipw,pomeans,manual_aipw_2,OME0:mmarried,160.9513,26.6162
aipw,pomeans,manual_aipw_2,OME0:mage,2.546828,2.084324
aipw,pomeans,manual_aipw_2,OME0:fbaby,-71.3286,19.64701
aipw,pomeans,manual_aipw_2,OME0:_cons,3202.746,54.01082
aipw,pomeans,manual_aipw_2,OME1:prenatal1,25.11133,40.37541
aipw,pomeans,manual_aipw_2,OME1:mmarried,133.6617,40.86443
aipw,pomeans,manual_aipw_2,OME1:mage,-7.370881,4.21817
aipw,pomeans,manual_aipw_2,OME1:fbaby,41.43991,39.70712
aipw,pomeans,manual_aipw_2,OME1:_cons,3227.169,104.4059
aipw,pomeans,manual_aipw_2,TME1:mmarried,-.6484821,.0554173
aipw,pomeans,manual_aipw_2,TME1:mage,.1744327,.0363718
aipw,pomeans,manual_aipw_2,TME1:mage_squared,-.0032559,.0006678
aipw,pomeans,manual_aipw_2,TME1:fbaby,-.2175962,.0495604
aipw,pomeans,manual_aipw_2,TME1:medu,-.0863631,.0100148
aipw,pomeans,manual_aipw_2,TME1:_cons,-1.558255,.4639691
aipw,ate,manual_aipw_3,effect,-230.2699,27.35327
aipw,ate,manual_aipw_3,control_pom,3403.657,9.540713
aipw,ate,manual_aipw_3,OME0:prenatal1,69.5048,27.04642
aipw,ate,manual_aipw_3,OME0:mmarried,173.74,24.63865
aipw,ate,manual_aipw_3,OME0:fbaby,-79.19473,18.62584
aipw,ate,manual_aipw_3,OME0:_cons,3260.768,28.29282
aipw,ate,manual_aipw_3,OME1:prenatal1,12.86437,39.83916
aipw,ate,manual_aipw_3,OME1:mmarried,113.3491,39.47422
aipw,ate,manual_aipw_3,OME1:fbaby,64.22326,38.42042
aipw,ate,manual_aipw_3,OME1:_cons,3051.268,37.30413
aipw,ate,manual_aipw_3,TME1:mmarried,-.3551755,.1044199
aipw,ate,manual_aipw_3,TME1:mage,.0831898,.0349088
aipw,ate,manual_aipw_3,TME1:mage_squared,-.0013458,.0006659
aipw,ate,manual_aipw_3,TME1:fbaby,-.1170697,.044998
aipw,ate,manual_aipw_3,TME1:medu,-.0435057,.0147852
aipw,ate,manual_aipw_3,TME1:_cons,-.8757021,.347814
aipw,ate,manual_aipw_3,TME1_lnsigma:mage,-.0236336,.0107134
aipw,ate,manual_aipw_4,effect,-227.1956,27.34794
aipw,ate,manual_aipw_4,control_pom,3403.251,9.596622
aipw,att,manual_aipw_5,effect,-228.0266,23.18451
aipw,att,manual_aipw_5,control_pom,3365.686,13.4482
aipw,att,manual_aipw_6,effect_1_vs_0,-156.7646,36.7927
aipw,att,manual_aipw_6,effect_2_vs_0,-209.2045,35.01555
aipw,att,manual_aipw_6,effect_3_vs_0,-220.3197,33.84588
aipw,att,manual_aipw_6,control_pom,3351.16,14.88082
ipw,ate,manual_ipw_3,effect,-230.6886,25.81524
ipw,ate,manual_ipw_3,control_pom,3403.463,9.571369
ipwra,pomeans,manual_ipwra_2,control_pom,3403.336,9.57126
ipwra,pomeans,manual_ipwra_2,treated_pom,3173.369,24.86997
ipwra,pomeans,manual_ipwra_2,OME0:prenatal1,67.98549,28.78428
ipwra,pomeans,manual_ipwra_2,OME0:mmarried,155.5893,26.46903
ipwra,pomeans,manual_ipwra_2,OME0:mage,2.893051,2.134788
ipwra,pomeans,manual_ipwra_2,OME0:fbaby,-71.9215,20.39317
ipwra,pomeans,manual_ipwra_2,OME0:_cons,3194.808,55.04911
ipwra,pomeans,manual_ipwra_2,OME1:prenatal1,34.76923,43.18534
ipwra,pomeans,manual_ipwra_2,OME1:mmarried,124.0941,40.29775
ipwra,pomeans,manual_ipwra_2,OME1:mage,-5.068833,5.954425
ipwra,pomeans,manual_ipwra_2,OME1:fbaby,39.89692,56.82072
ipwra,pomeans,manual_ipwra_2,OME1:_cons,3175.551,153.8312
ipwra,pomeans,manual_ipwra_2,TME1:mmarried,-.6484821,.0554173
ipwra,pomeans,manual_ipwra_2,TME1:mage,.1744327,.0363718
ipwra,pomeans,manual_ipwra_2,TME1:mage_squared,-.0032559,.0006678
ipwra,pomeans,manual_ipwra_2,TME1:fbaby,-.2175962,.0495604
ipwra,pomeans,manual_ipwra_2,TME1:medu,-.0863631,.0100148
ipwra,pomeans,manual_ipwra_2,TME1:_cons,-1.558255,.4639691
ipwra,ate,manual_ipwra_3,effect,-229.6322,26.33452
ipwra,ate,manual_ipwra_3,control_pom,3403.74,9.545798
ipwra,ate,manual_ipwra_3,OME0:prenatal1,64.95127,28.6216
ipwra,ate,manual_ipwra_3,OME0:mmarried,154.2297,26.45867
ipwra,ate,manual_ipwra_3,OME0:fbaby,-71.61131,20.33774
ipwra,ate,manual_ipwra_3,OME0:mage,3.010148,2.133812
ipwra,ate,manual_ipwra_3,OME0:_cons,3195.355,55.05451
ipwra,ate,manual_ipwra_3,OME1:prenatal1,38.55272,43.57024
ipwra,ate,manual_ipwra_3,OME1:mmarried,126.3377,40.73979
ipwra,ate,manual_ipwra_3,OME1:fbaby,45.43542,56.44831
ipwra,ate,manual_ipwra_3,OME1:mage,-6.06991,5.952512
ipwra,ate,manual_ipwra_3,OME1:_cons,3195.795,152.3979
ipwra,ate,manual_ipwra_3,TME1:mmarried,-.0295529,.0238889
ipwra,ate,manual_ipwra_3,TME1:mage,.0157896,.010546
ipwra,ate,manual_ipwra_3,TME1:mage_squared,-.0002837,.00019
ipwra,ate,manual_ipwra_3,TME1:fbaby,-.0093308,.0079984
ipwra,ate,manual_ipwra_3,TME1:medu,-.0036774,.0030309
ipwra,ate,manual_ipwra_3,TME1:_cons,-.182223,.1180298
ipwra,ate,manual_ipwra_3,TME1_lnsigma:mage,-.2211477,.0631342
ipwra,ate,manual_ipwra_3,TME1_lnsigma:mage_squared,.0037613,.0012435
ra,ate,manual_multivalued_1_ra,effect_1_vs_0,1.181543,.3520371
ra,ate,manual_multivalued_1_ra,effect_2_vs_0,1.743079,.3282152
ra,ate,manual_multivalued_1_ra,effect_3_vs_0,3.972829,.3840024
ra,ate,manual_multivalued_1_ra,control_pom,6.525873,.2931933
aipw,ate,manual_multivalued_1_aipw,effect_1_vs_0,1.748197,.3911167
aipw,ate,manual_multivalued_1_aipw,effect_2_vs_0,2.363228,.3741584
aipw,ate,manual_multivalued_1_aipw,effect_3_vs_0,4.359777,.4133059
aipw,ate,manual_multivalued_1_aipw,control_pom,5.946184,.3391531
aipw,ate,manual_multivalued_2_replay,effect_1_vs_0,1.748197,.3911167
aipw,ate,manual_multivalued_2_replay,effect_2_vs_0,2.363228,.3741584
aipw,ate,manual_multivalued_2_replay,effect_3_vs_0,4.359777,.4133059
aipw,ate,manual_multivalued_2_replay,control_pom,5.946184,.3391531
aipw,ate,manual_multivalued_2_control_a,effect_0_vs_2,-2.363228,
aipw,ate,manual_multivalued_2_control_a,effect_1_vs_2,-.6150312,
aipw,ate,manual_multivalued_2_control_a,effect_3_vs_2,1.996549,
aipw,ate,manual_multivalued_2_control_a,control_pom,8.309412,
ipwra,att,manual_multivalued_3_att,effect_0_vs_2,-2.87423,.361093
ipwra,att,manual_multivalued_3_att,effect_1_vs_2,-.8246604,.3609131
ipwra,att,manual_multivalued_3_att,effect_3_vs_2,1.866757,.3277701
ipwra,att,manual_multivalued_3_att,control_pom,9.010271,.2503971
aipw,pomeans,manual_multivalued_4_pom,pom_0,5.946184,.3391531
aipw,pomeans,manual_multivalued_4_pom,pom_1,7.694381,.1915192
aipw,pomeans,manual_multivalued_4_pom,pom_2,8.309412,.1563348
aipw,pomeans,manual_multivalued_4_pom,pom_3,10.30596,.2285837
nnmatch,ate,manual_nnmatch_2,effect,-240.3306,28.43006
nnmatch,ate,manual_nnmatch_3,effect,-223.8389,26.19973
nnmatch,ate,manual_nnmatch_4,effect,-241.5264,24.39661
ra,ate,manual_nnmatch_4_ra_compare,effect,-241.5264,24.26233
ra,ate,manual_nnmatch_4_ra_compare,control_pom,3403.651,9.492683
psmatch,ate,manual_psmatch_2_caliper,effect,-210.9683,32.021
psmatch,att,manual_psmatch_2_att,effect,-236.7848,26.11698
psmatch,ate,manual_psmatch_3,effect,-224.006,29.88627
ra,pomeans,manual_ra_3,control_pom,3403.242,9.525207
ra,pomeans,manual_ra_3,treated_pom,3163.603,21.86351
ra,pomeans,manual_ra_3,OME0:prenatal1,64.40859,27.52699
ra,pomeans,manual_ra_3,OME0:mmarried,160.9513,26.6162
ra,pomeans,manual_ra_3,OME0:mage,2.546828,2.084324
ra,pomeans,manual_ra_3,OME0:fbaby,-71.3286,19.64701
ra,pomeans,manual_ra_3,OME0:_cons,3202.746,54.01082
ra,pomeans,manual_ra_3,OME1:prenatal1,25.11133,40.37541
ra,pomeans,manual_ra_3,OME1:mmarried,133.6617,40.86443
ra,pomeans,manual_ra_3,OME1:mage,-7.370881,4.21817
ra,pomeans,manual_ra_3,OME1:fbaby,41.43991,39.70712
ra,pomeans,manual_ra_3,OME1:_cons,3227.169,104.4059
ra,ate,manual_ra_4,effect,-239.6392,23.82402
ra,ate,manual_ra_4,control_pom,3403.242,9.525207
ra,ate,manual_ra_5,effect,-239.6669,23.83757
ra,ate,manual_ra_5,control_pom,3403.178,9.526006
ra,ate,manual_ra_6,effect,-.0960214,.0113896
ra,ate,manual_ra_6,control_pom,.3879346,.0101733
telasso,ate,default,effect,-234.433735444009,23.235965283569
telasso,ate,default,control_pom,3402.813918561856,9.608903436262
